{"cameraMode":{"drawMode":0,"name":"Shaded","section":"Shading Mode"},"sceneLighting":true,"audioPlay":false,"sceneViewState":{"showFog":true,"showMaterialUpdate":false,"showSkybox":true,"showFlares":true,"showImageEffects":true,"showParticleSystems":true},"in2DMode":false,"pivot":{"x":-1.4670095443725587,"y":0.6981844902038574,"z":14.313597679138184},"rotation":{"x":0.028423277661204339,"y":0.7166368365287781,"z":-0.029267722740769388,"w":0.6962720155715942},"size":0.2481265664100647,"orthographic":false}