{"cameraMode":{"drawMode":0,"name":"Shaded","section":"Shading Mode"},"sceneLighting":false,"audioPlay":false,"sceneViewState":{"showFog":true,"showMaterialUpdate":false,"showSkybox":false,"showFlares":true,"showImageEffects":true,"showParticleSystems":true},"in2DMode":false,"pivot":{"x":0.1965000033378601,"y":0.10000002384185791,"z":0.5786067247390747},"rotation":{"x":0.13327810168266297,"y":0.813835859298706,"z":-0.20591460168361665,"w":0.5268126130104065},"size":5.617218017578125,"orthographic":false}